113050	0	Rust Oleum zinkspray Hard Hat Galva Zinc 500ml 2185
109998	100	HECO universeelschroef verzinkt platkop freesrib TX30 6.0x140/72mm
109996	100	HECO universeelschroef verzinkt platkop freesrib TX30 6.0x120/72mm
109994	100	HECO universeelschroef verzinkt platkop freesrib TX30 6.0x100/60mm
109813	200	HECO universeelschroef verzinkt platkop freesrib PZ2 5.0x80/48mm
109785	200	HECO universeelschroef verzinkt platkop freesrib PZ2 4.0x50mm
109781	200	HECO universeelschroef verzinkt platkop freesrib PZ2 4.0x40mm
109762	200	HECO universeelschroef verzinkt platkop freesrib PZ2 3.5x35mm
109776	200	HECO universeelschroef verzinkt platkop freesrib PZ2 4.0x30mm
109759	200	HECO universeelschroef verzinkt platkop freesrib PZ2 3.5x25mm
109746	200	HECO universeelschroef verzinkt platkop freesrib PZ1 3.0x20mm
160769	20	WD-40 Multi-Use smeer- en onderhoudsspray 450ml
224643	0	Purreiniger NBS-pistool schroefbus 400ml
227794	0	Mondial staalplamuur 2-componenten 500gr
113350	0	Siliconenspray 300ml
244003	0	Illbruck Compriband Illmod 15/2-3mm antraciet rol 10.0m TP610
3404675	1	Kelfort lijm- afdichtingskit wit 290ml Hybrikit
3420669	1	Kelfort acrylaatkit wit 310ml exterieur
114230	0	GB raveeldrager sendzimir verzinkt 2mm zwaar 440/71x184mm (houtmaat 71x196mm)
3362036	20	GB raveeldrager verzinkt zwaar 280x2mm sendzimir verzinkt
3211895	0	Midi poetspapier wit verlijmd geperforeerd 2-laags cellulose 20cm x 160m (1 pak = 6 rol)
114453	0	Draadnagel verzinkt 2.7x55mm verpakking 5kg
114464	0	Asfaltnagel gegalvaniseerd 3.0x25mm pak 5kg
114407	0	Draadnagel blank 2.7x55mm pak 5kg
114412	0	Draadnagel blank 3.5x80mm pak 5kg
114439	0	Draadnagels verzinkt platkop Nederlandse kwaliteit 1x5kg 4.0
2547397	100	Gevelplaatschroef RVS A2 Torx T20 4.8x50mm RAL9010 wit geschikt voor HPL platen
